ФИО,ИНН,Номер телефона,Электронная почта,Дата рождения,Достижения
Иванов Иван Иванович,772456789012,+7 916 555 82 19,aleksandr.ivanov1985@yandex.ru,12.05.1988,Помощь в организации благотворительного забега
Петров Петр Петрович,500123456789,+7 925 123 45 67,mariya.petrova2000@yandex.ru,28.02.2001,Сбор средств для местного приюта для животных
Сидоров Сидор Сидорович,667101122334,+7 903 987 65 43,sergey.smirnov77@yandex.ru,03.09.1975,Участие в уборке парка
Смирнов Алексей Иванович,780234567890,+7 968 234 56 78,elena.kuznetsova92@yandex.ru,16.07.1992,Организация мастер-класса для детей из малообеспеченных семей
Кузнецов Дмитрий Петрович,230987654321,+7 985 345 67 89,dmitriy.vasiliev88@yandex.ru,21.11.2005,Помощь пожилым людям с покупками
Попов Сергей Сидорович,345678901234,+7 915 456 78 90,natalia.popova75@yandex.ru,08.04.1963,Проведение занятий по английскому языку для мигрантов
Васильев Андрей Алексеевич,456789012345,+7 926 567 89 01,andrey.sokolov63@yandex.ru,19.10.1981,Участие в акции по сдаче крови
Федоров Михаил Дмитриевич,567890123456,+7 905 678 90 12,olga.lebedeva99@yandex.ru,05.01.2010,Организация концерта в доме престарелых
Соколов Александр Сергеевич,678901234567,+7 967 789 01 23,ivan.egorov51@yandex.ru,30.06.1997,Помощь в проведении фестиваля уличной еды в поддержку бездомных
Михайлов Николай Андреевич,789012345678,+7 980 890 12 34,tatiana.volkova86@yandex.ru,14.03.1958,Сбор одежды для нуждающихся
Новиков Владимир Михайлович,890123456789,+7 910 901 23 45,aleksey.zaitsev44@yandex.ru,25.08.2009,Участие в восстановлении исторического здания
Дмитриев Юрий Николаевич,901234567890,+7 929 012 34 56,svetlana.stepanova71@yandex.ru,10.12.1970,Организация экскурсии для детей-сирот
Волков Игорь Владимирович,123456789012,+7 909 123 45 67,nikolay.pavlov59@yandex.ru,01.02.1985,Помощь в проведении спортивных соревнований для людей с инвалидностью
Зайцев Евгений Юрьевич,234567890123,+7 960 234 56 78,irina.semenova83@yandex.ru,23.04.2002,Сбор игрушек для детской больницы
Лебедев Олег Игоревич,345678901234,+7 981 345 67 89,pavel.vinogradov67@yandex.ru,07.09.1967,Участие в посадке деревьев
Семенов Павел Евгеньевич,456789012345,+7 911 456 78 90,yulia.fedotova95@yandex.ru,18.05.1999,Организация праздника для детей с особыми потребностями
Егоров Антон Олегович,567890123456,+7 922 567 89 01,artem.filatov48@yandex.ru,29.01.2015,Помощь в проведении переписи населения
Павлов Роман Павлович,678901234567,+7 902 678 90 12,oksana.frolova79@yandex.ru,11.11.1978,Сбор продуктов для нуждающихся семей
Козлов Денис Антонович,789012345678,+7 961 789 01 23,denis.gavrilov61@yandex.ru,04.07.1994,Участие в археологических раскопках
Степанов Артем Романович,890123456789,+7 982 890 12 34,anna.ignatova89@yandex.ru,20.03.1961,Организация лекции о здоровом образе жизни
Николаев Максим Денисович,901234567890,+7 912 901 23 45,vladimir.kozlov55@yandex.ru,26.06.2007,Помощь в проведении экологической акции
Андреев Кирилл Артемович,123456789012,+7 923 012 34 56,ksenia.nikitina73@yandex.ru,09.10.1983,Сбор книг для библиотеки
Яковлев Илья Максимович,234567890123,+7 904 123 45 67,roman.orlov46@yandex.ru,02.12.1955,Участие в реставрации картин
Александров Владислав Кириллович,345678901234,+7 962 234 56 78,alla.polyakova81@yandex.ru,15.02.2000,Организация игрового дня для детей в больнице
Григорьев Никита Ильич,456789012345,+7 983 345 67 89,egor.sidorov65@yandex.ru,27.08.1973,Помощь в проведении фестиваля национальных культур
Богданов Даниил Владиславович,567890123456,+7 913 456 78 90,galina.tikhonova93@yandex.ru,13.04.1990,Сбор канцелярских товаров для школы-интерната
Сергеев Тимофей Никитич,678901234567,+7 924 567 89 01,ilya.ustinov42@yandex.ru,22.11.2003,Участие в создании мурала
Жуков Арсений Даниилович,789012345678,+7 906 678 90 12,zhanna.filippova77@yandex.ru,06.01.1965,Организация конкурса талантов для молодежи
Воробьев Матвей Тимофеевич,890123456789,+7 963 789 01 23,konstantin.khokhlov60@yandex.ru,17.07.1986,Помощь в проведении конференции
Морозов Лев Арсеньевич,901234567890,+7 984 890 12 34,larisa.tsvetkova87@yandex.ru,24.03.2012,Сбор средств на лечение ребенка
Филиппов Егор Матвеевич,123456789012,+7 914 901 23 45,maksim.chebotarev53@yandex.ru,31.05.1976,Участие в организации выставки
Герасимов Ярослав Львович,234567890123,+7 927 012 34 56,nadezhda.shcherbakova70@yandex.ru,10.09.1993,Организация кинопоказа под открытым небом
Крылов Иван Егорович,345678901234,+7 908 123 45 67,oleg.yakovlev45@yandex.ru,03.02.1959,Помощь в проведении ярмарки
Белов Михаил Ярославович,456789012345,+7 964 234 56 78,polina.antonova80@yandex.ru,19.08.2006,Сбор корма для бездомных животных
Виноградов Александр Иванович,567890123456,+7 986 345 67 89,ruslan.belov64@yandex.ru,05.12.1980,Участие в создании веб-сайта для некоммерческой организации
Комаров Дмитрий Петрович,678901234567,+7 917 456 78 90,sofia.vorobieva91@yandex.ru,21.04.1997,Организация танцевального мастер-класса
Беляев Сергей Сидорович,789012345678,+7 928 567 89 01,timur.gorbunov40@yandex.ru,28.01.2014,Помощь в проведении опроса общественного мнения
Игнатов Андрей Алексеевич,890123456789,+7 907 678 90 12,uliana.danilova75@yandex.ru,12.06.1979,Сбор средств для строительства детской площадки
Щербаков Михаил Дмитриевич,901234567890,+7 965 789 01 23,fedor.efremov58@yandex.ru,04.10.1995,Участие в организации театрального представления
Савин Александр Сергеевич,123456789012,+7 987 890 12 34,valentina.zhukova85@yandex.ru,20.02.1962,Организация кулинарного мастер-класса
Терентьев Николай Андреевич,234567890123,+7 918 901 23 45,anton.zimin69@yandex.ru,26.07.2008,Помощь в проведении спортивного турнира
Романов Владимир Михайлович,345678901234,+7 920 012 34 56,boris.kolesnikov97@yandex.ru,09.11.1984,Сбор средств на покупку инвалидной коляски
Архипов Юрий Николаевич,456789012345,+7 900 123 45 67,vera.lopatina43@yandex.ru,02.01.1956,Участие в организации научного семинара
Ершов Игорь Владимирович,567890123456,+7 966 234 56 78,gennadiy.mironov78@yandex.ru,15.03.2001,Организация музыкального концерта
Орлов Евгений Юрьевич,678901234567,+7 988 345 67 89,darya.novikova62@yandex.ru,27.09.1974,Помощь в проведении фотовыставки
Борисов Олег Игоревич,789012345678,+7 919 456 78 90,evgeniy.osipov90@yandex.ru,13.05.1991,Сбор средств на ремонт школы
Львов Павел Евгеньевич,890123456789,+7 921 567 89 01,zinaida.rybakova56@yandex.ru,22.12.2004,Участие в организации литературного вечера
Куликов Антон Олегович,901234567890,+7 901 678 90 12,igor.savelyev74@yandex.ru,06.02.1966,Организация шахматного турнира
Денисов Роман Павлович,123456789012,+7 969 789 01 23,klara.tarasova47@yandex.ru,17.08.1987,Помощь в проведении конференции по экологии
Соловьев Денис Антонович,234567890123,+7 989 890 12 34,leonid.ulyanov82@yandex.ru,24.04.2013,Сбор средств на покупку медицинского оборудования
Журавлев Артем Романович,345678901234,+7 930 901 23 45,marina.voronina66@yandex.ru,31.06.1977,Участие в организации фестиваля воздушных змеев
Титов Максим Денисович,456789012345,+7 931 012 34 56,nikita.gusev94@yandex.ru,10.10.1994,Организация мастер-класса по рукоделию
Мельников Кирилл Артемович,567890123456,+7 932 123 45 67,olga.dementieva41@yandex.ru,03.03.1960,Помощь в проведении спортивного марафона
Власов Илья Максимович,678901234567,+7 933 234 56 78,petr.ershov76@yandex.ru,19.09.2007,Сбор средств на строительство приюта для животных
Гаврилов Владислав Кириллович,789012345678,+7 934 345 67 89,rita.zhdanova59@yandex.ru,05.01.1981,Участие в организации исторической реконструкции
Федотов Никита Ильич,890123456789,+7 935 456 78 90,sergey.karpov86@yandex.ru,21.05.1998,Организация лекции по финансовой грамотности
Белоусов Даниил Владиславович,901234567890,+7 936 567 89 01,tatyana.lykova70@yandex.ru,28.02.2015,Помощь в проведении экологической экспедиции
Гусев Тимофей Никитич,123456789012,+7 937 678 90 12,viktor.maslov44@yandex.ru,12.07.1979,Сбор средств на покупку учебников
Смирнова Анна Ивановна,234567890123,+7 938 789 01 23,yulia.nechaeva79@yandex.ru,04.11.1996,Участие в организации фестиваля уличного искусства
Иванова Мария Петровна,345678901234,+7 939 890 12 34,aleksandr.panfilov63@yandex.ru,20.03.1963,Организация игрового дня для детей-беженцев
Петрова Елена Сидоровна,456789012345,+7 940 901 23 45,dmitriy.sidorov40@yandex.ru,26.08.2009,Помощь в проведении переписи диких животных
Сидорова Ольга Алексеевна,678901234567,+7 941 012 34 56,elena.titova75@yandex.ru,09.12.1985,Сбор средств на ремонт детского сада
Кузнецова Татьяна Дмитриевна,789012345678,+7 942 123 45 67,ivan.fomin58@yandex.ru,02.02.1957,Участие в организации фестиваля короткометражных фильмов
Попова Наталья Сергеевна,890123456789,+7 943 234 56 78,natalia.kharitonova85@yandex.ru,15.04.2002,Организация мастер-класса по фотографии
Васильева Ирина Андреевна,901234567890,+7 944 345 67 89,andrey.tsarev69@yandex.ru,27.10.1975,Сбор средств на покупку протеза
Федорова Светлана Михайловна,770312345678,+7 945 456 78 90,olga.chernova97@yandex.ru,13.06.1992,Участие в организации фестиваля этнической музыки
Соколова Юлия Николаевна,503456789012,+7 946 567 89 01,aleksey.shishkin43@yandex.ru,22.01.2005,Организация лекции по кибербезопасности
Михайлова Екатерина Владимировна,662567890123,+7 947 678 90 12,svetlana.yakovleva78@yandex.ru,06.03.1967,Помощь в проведении экологического мониторинга
Новикова Анастасия Юрьевна,781678901234,+7 948 789 01 23,nikolay.andreev62@yandex.ru,17.09.1988,Сбор средств на покупку спортивного инвентаря
Дмитриева Виктория Игоревна,234789012345,+7 949 890 12 34,irina.belyaeva90@yandex.ru,24.05.2014,Участие в организации фестиваля науки и техники
Волкова Ксения Евгеньевна,345890123456,+7 950 901 23 45,pavel.golubev56@yandex.ru,31.07.1978,Организация игрового дня для детей из многодетных семей
Зайцева Полина Олеговна,456901234567,+7 951 012 34 56,yulia.dmitrieva74@yandex.ru,10.11.1995,Помощь в проведении археологических исследований
Лебедева Дарья Павловна,567012345678,+7 952 123 45 67,artem.egorov47@yandex.ru,03.04.1961,Сбор средств на ремонт библиотеки
Семенова Алиса Антоновна,678123456789,+7 953 234 56 78,oksana.zhukova82@yandex.ru,19.10.2008,Участие в организации фестиваля документального кино
Егорова София Романовна,789234567890,+7 954 345 67 89,denis.zaitsev66@yandex.ru,05.02.1982,Организация мастер-класса по актерскому мастерству
Павлова Елизавета Денисовна,890345678901,+7 955 456 78 90,anna.ivanova94@yandex.ru,21.06.1999,Помощь в проведении спортивных соревнований по шахматам
Козлова Варвара Артемовна,901456789012,+7 956 567 89 01,vladimir.kuznetsov41@yandex.ru,28.03.2016,Сбор средств на покупку слухового аппарата
Степанова Александра Максимовна,123567890123,+7 957 678 90 12,ksenia.lebedeva76@yandex.ru,12.08.1980,Участие в организации фестиваля исторического кино
Николаева Валерия Кирилловна,234678901234,+7 958 789 01 23,roman.mironov59@yandex.ru,04.12.1997,Организация лекции по первой помощи
Андреева Вероника Ильинична,345789012345,+7 959 890 12 34,alla.nikolaeva86@yandex.ru,20.04.1964,Помощь в проведении экологической акции по очистке водоемов
Яковлева Ульяна Владиславовна,456890123456,+7 970 901 23 45,egor.orlov70@yandex.ru,26.09.2010,Сбор средств на покупку развивающих игрушек
Александрова Кира Никитична,567901234567,+7 971 012 34 56,galina.pavlova44@yandex.ru,09.01.1986,Участие в организации фестиваля анимационного кино
Григорьева Милана Данииловна,678012345678,+7 972 123 45 67,ilya.romanov79@yandex.ru,02.03.1958,Организация игрового дня для детей с ограниченными возможностями
Богданова Арина Тимофеевна,789123456789,+7 973 234 56 78,zhanna.sokolova63@yandex.ru,15.05.2003,Помощь в проведении социологического исследования
Сергеева Ева Арсеньевна,890234567890,+7 974 345 67 89,konstantin.titov91@yandex.ru,27.11.1976,Сбор средств на ремонт спортивной площадки
Жукова Софья Матвеевна,901345678901,+7 975 456 78 90,larisa.ustyugova40@yandex.ru,13.07.1993,Участие в организации фестиваля экспериментального кино
Воробьева Маргарита Львовна,123456789123,+7 976 567 89 01,maksim.fedorov75@yandex.ru,22.02.2006,Организация мастер-класса по журналистике
Морозова Есения Егоровна,234567890234,+7 977 678 90 12,nadezhda.kharlamova58@yandex.ru,06.04.1968,Помощь в проведении спортивных соревнований по настольному теннису
Филиппова Злата Ярославовна,345678901345,+7 978 789 01 23,oleg.tsarev85@yandex.ru,17.10.1989,Сбор средств на покупку очков
Герасимова Василиса Михайловна,456789012456,+7 979 890 12 34,polina.chernykh69@yandex.ru,24.06.2015,Участие в организации фестиваля авторской песни
Крылова Есения Александровна,567890123567,+7 990 901 23 45,ruslan.shilov97@yandex.ru,31.08.1979,Организация лекции по правильному питанию
Белова Арина Дмитриевна,678901234678,+7 991 012 34 56,sofia.yakunin43@yandex.ru,10.12.1996,Помощь в проведении экологической акции по раздельному сбору мусора
Виноградова София Сергеевна,789012345789,+7 992 123 45 67,timur.anisimov78@yandex.ru,03.05.1962,Сбор средств на покупку музыкальных инструментов
Комарова Елизавета Андреевна,890123456890,+7 993 234 56 78,uliana.bykova62@yandex.ru,19.11.2009,Участие в организации фестиваля уличных танцев
Беляева Варвара Михайловна,901234567901,+7 994 345 67 89,fedor.voronin90@yandex.ru,05.03.1983,"Организация игрового дня для детей, переживших травму"
Игнатова Александра Николаевна,123456789234,+7 995 456 78 90,valentina.galkina56@yandex.ru,21.07.2000,Помощь в проведении ботанических исследований
Щербакова Валерия Владимировна,234567890345,+7 996 567 89 01,anton.dudkin74@yandex.ru,28.04.2017,Сбор средств на ремонт компьютерного класса
Савина Вероника Юрьевна,345678901456,+7 997 678 90 12,boris.ershov47@yandex.ru,12.09.1981,Участие в организации фестиваля современного искусства
Терентьева Ульяна Игоревна,456789012567,+7 998 789 01 23,vera.zhdanova82@yandex.ru,04.01.1998,Организация мастер-класса по гончарному делу
Романова Кира Евгеньевна,567890123678,+7 989 890 12 34,gennadiy.karpov66@yandex.ru,20.05.1965,Помощь в проведении спортивных соревнований по волейболу
Архипова Милана Олеговна,678901234789,+7 930 901 23 45,darya.lykov94@yandex.ru,26.10.2011,Сбор средств на покупку инвалидного кресла-коляски с электроприводом
Ершова Арина Павловна,789012345890,+7 931 012 34 56,evgeniy.maslov41@yandex.ru,09.02.1987,Участие в организации фестиваля ретро-автомобилей
Орлова Ева Антоновна,890123456901,+7 932 123 45 67,zinaida.nechaeva76@yandex.ru,02.04.1959,Организация лекции по финансовой грамотности для подростков
Борисова Софья Романовна,901234567012,+7 933 234 56 78,igor.panfilov59@yandex.ru,15.06.2004,Помощь в проведении экологической акции по защите редких видов животных
Львова Маргарита Денисовна,123456789345,+7 934 345 67 89,klara.romanova86@yandex.ru,27.12.1977,Сбор средств на покупку оборудования для сенсорной комнаты
Куликова Есения Артемовна,234567890456,+7 935 456 78 90,leonid.sidorov70@yandex.ru,13.08.1994,Участие в организации фестиваля национальных игр
Денисова Злата Максимовна,345678901567,+7 936 567 89 01,marina.titova44@yandex.ru,22.03.2007,"Организация игрового дня для детей, находящихся в трудной жизненной ситуации"
Соловьева Василиса Кирилловна,456789012678,+7 937 678 90 12,nikita.fomin79@yandex.ru,06.05.1969,Помощь в проведении орнитологических исследований
Журавлева Есения Ильинична,567890123789,+7 938 789 01 23,olga.kharitonova63@yandex.ru,17.11.1990,Сбор средств на ремонт актового зала
Титова Арина Владиславовна,678901234890,+7 939 890 12 34,petr.tsarev91@yandex.ru,24.07.2016,Участие в организации фестиваля косплея
Мельникова Ева Никитична,789012345901,+7 940 901 23 45,rita.chernova40@yandex.ru,31.09.1980,Организация мастер-класса по созданию комиксов
Власова Софья Данииловна,890123456012,+7 941 012 34 56,sergey.shishkin75@yandex.ru,10.01.1997,Помощь в проведении спортивных соревнований по баскетболу
Гаврилова Маргарита Тимофеевна,901234567123,+7 942 123 45 67,tatyana.yakovleva58@yandex.ru,03.06.1963,Сбор средств на покупку специализированного питания для больных детей
Федотова Есения Арсеньевна,123456789456,+7 943 234 56 78,viktor.andreev85@yandex.ru,19.12.2010,Участие в организации фестиваля воздушных шаров
Белоусова Злата Матвеевна,234567890567,+7 944 345 67 89,yulia.belyaeva69@yandex.ru,05.04.1984,Организация лекции по профилактике заболеваний
Гусева Василиса Львововна,345678901678,+7 945 456 78 90,aleksandr.golubev97@yandex.ru,21.08.2001,Помощь в проведении экологической акции по восстановлению лесов
Ивановская Анна Ивановна,456789012789,+7 946 567 89 01,mariya.dmitrieva43@yandex.ru,28.05.2018,Сбор средств на покупку оборудования для реабилитационного центра
Петровская Мария Петровна,567890123890,+7 947 678 90 12,dmitriy.egorov78@yandex.ru,12.10.1982,Участие в организации фестиваля средневековой культуры
Сидоровская Елена Сидоровна,678901234901,+7 948 789 01 23,elena.zhukova62@yandex.ru,04.02.1999,Организация игрового дня для детей из приемных семей
Смирновская Ольга Алексеевна,789012345012,+7 949 890 12 34,ivan.zaitsev90@yandex.ru,20.06.1966,Помощь в проведении геологических исследований
Кузнецовская Татьяна Дмитриевна,890123456123,+7 950 901 23 45,natalia.ivanova56@yandex.ru,26.11.2012,Сбор средств на ремонт кабинета психолога
Поповская Наталья Сергеевна,901234567234,+7 951 012 34 56,angelina.ermakov50@yandex.ru,09.03.1988,Участие в организации фестиваля огненных искусств
Васильевская Ирина Андреевна,123456789567,+7 952 123 45 67,stepan.savelyev67@yandex.ru,02.05.1960,Организация мастер-класса по созданию украшений ручной работы
Федоровская Светлана Михайловна,234567890678,+7 953 234 56 78,alina.zhdanov34@yandex.ru,15.07.2005,Помощь в проведении спортивных соревнований по футболу
Соколовская Юлия Николаевна,345678901789,+7 954 345 67 89,nikita.frolov51@yandex.ru,27.01.1978,Сбор средств на покупку оборудования для логопедического кабинета
Михайловская Екатерина Владимировна,456789012890,+7 955 456 78 90,valeria.khokhlov68@yandex.ru,13.09.1995,Участие в организации фестиваля красок Холи
Новиковская Анастасия Юрьевна,678901234012,+7 956 567 89 01,artur.terentyev35@yandex.ru,22.04.2008,Организация лекции по безопасности в интернете
Дмитриевская Виктория Игоревна,789012345123,+7 957 678 90 12,arina.bogdanov52@yandex.ru,06.06.1970,Сбор средств на покупку интерактивной доски для школы
Волковская Ксения Евгеньевна,890123456234,+7 958 789 01 23,vladislav.voloshin69@yandex.ru,17.12.1991,Участие в организации фестиваля уличной магии
Зайцевская Полина Олеговна,901234567345,+7 959 890 12 34,elizaveta.dementiev36@yandex.ru,24.08.2017,"Организация игрового дня для детей, потерявших родителей"
Лебедевская Дарья Павловна,123456789678,+7 970 901 23 45,ilya.dyakonov53@yandex.ru,31.10.1981,Помощь в проведении гидрологических исследований
Семеновская Алиса Антоновна,234567890789,+7 971 012 34 56,miron.ershov70@yandex.ru,10.02.1998,Сбор средств на ремонт кабинета трудотерапии
Егоровская София Романовна,345678901890,+7 972 123 45 67,eva.zhuravlev37@yandex.ru,03.07.1964,Участие в организации фестиваля исторической реконструкции боев
Павловская Елизавета Денисовна,456789012901,+7 973 234 56 78,platon.zotov54@yandex.ru,19.01.2011,Организация мастер-класса по созданию оригами
Козловская Варвара Артемовна,567890123012,+7 974 345 67 89,emilia.klimov71@yandex.ru,05.05.1985,Помощь в проведении спортивных соревнований по легкой атлетике
Степановская Александра Максимовна,678901234123,+7 975 456 78 90,david.lazarev38@yandex.ru,21.09.2002,Сбор средств на покупку специализированной мебели для детей с ДЦП
Николаевская Валерия Кирилловна,789012345234,+7 976 567 89 01,eva.novikov55@yandex.ru,28.06.2019,Участие в организации фестиваля этнической кухни
Андреевская Вероника Ильинична,890123456345,+7 977 678 90 12,mark.osipov72@yandex.ru,12.11.1983,Организация лекции по основам гражданской обороны
Яковлевская Ульяна Владиславовна,901234567456,+7 978 789 01 23,sofia.pavlov39@yandex.ru,04.03.2000,Помощь в проведении экологической акции по борьбе с браконьерством
Александровская Кира Никитична,123456789789,+7 979 890 12 34,leon.rozhkov56@yandex.ru,20.07.1967,Сбор средств на покупку оборудования для кабинета физиотерапии
Григорьевская Милана Данииловна,234567890890,+7 990 901 23 45,anna.sidorov73@yandex.ru,26.12.2013,Участие в организации фестиваля авторского кино
Богдановская Арина Тимофеевна,345678901901,+7 991 012 34 56,timur.ustinov40@yandex.ru,09.04.1989,"Организация игрового дня для детей, находящихся на длительном лечении"
Сергеевская Ева Арсеньевна,456789012012,+7 992 123 45 67,varvara.filippov57@yandex.ru,02.06.1961,Помощь в проведении энтомологических исследований
Жуковская Софья Матвеевна,567890123123,+7 993 234 56 78,gleb.kharlamov74@yandex.ru,15.08.2006,Сбор средств на ремонт кабинета сенсорной интеграции
Воробьева Маргарита Львовна,678901234234,+7 994 345 67 89,diana.tsvetkov41@yandex.ru,27.02.1979,Участие в организации фестиваля живой музыки
Морозова Есения Егоровна,789012345345,+7 995 456 78 90,arseniy.chistyakov58@yandex.ru,13.10.1996,Организация мастер-класса по созданию витражей
Филиппова Злата Ярославовна,890123456456,+7 996 567 89 01,alisa.shishkin75@yandex.ru,22.05.2009,Помощь в проведении спортивных соревнований по гимнастике
Герасимова Василиса Михайловна,901234567567,+7 997 678 90 12,matvey.yakovlev42@yandex.ru,06.07.1971,Сбор средств на покупку специализированного оборудования для слабовидящих детей
Крылова Есения Александровна,123456789890,+7 998 789 01 23,mariya.vasilyev59@yandex.ru,17.01.1992,Участие в организации фестиваля народных промыслов
Белова Арина Дмитриевна,234567890901,+7 999 901 23 45,nikita.petrov76@yandex.ru,24.09.2018,Организация лекции по профилактике буллинга































